/*
SQLyog v10.2 
MySQL - 8.0.16 : Database - dandongcountry
*********************************************************************
*/

/*!40101 SET NAMES utf8 */;

/*!40101 SET SQL_MODE=''*/;

/*!40014 SET @OLD_UNIQUE_CHECKS=@@UNIQUE_CHECKS, UNIQUE_CHECKS=0 */;
/*!40014 SET @OLD_FOREIGN_KEY_CHECKS=@@FOREIGN_KEY_CHECKS, FOREIGN_KEY_CHECKS=0 */;
/*!40101 SET @OLD_SQL_MODE=@@SQL_MODE, SQL_MODE='NO_AUTO_VALUE_ON_ZERO' */;
/*!40111 SET @OLD_SQL_NOTES=@@SQL_NOTES, SQL_NOTES=0 */;
CREATE DATABASE /*!32312 IF NOT EXISTS*/`dandongcountry` /*!40100 DEFAULT CHARACTER SET utf8 */ /*!80016 DEFAULT ENCRYPTION='N' */;

USE `dandongcountry`;

/*Table structure for table `county` */

DROP TABLE IF EXISTS `county`;

CREATE TABLE `county` (
  `cid` int(11) NOT NULL COMMENT '地区编号',
  `cname` varchar(20) CHARACTER SET utf8 COLLATE utf8_general_ci NOT NULL COMMENT '地区名称',
  `remark` varchar(100) CHARACTER SET utf8 COLLATE utf8_general_ci DEFAULT NULL COMMENT '备注',
  PRIMARY KEY (`cid`)
) ENGINE=InnoDB DEFAULT CHARSET=utf8;

/*Data for the table `county` */

insert  into `county`(`cid`,`cname`,`remark`) values (1,'宽甸县',NULL),(2,'凤城市',NULL),(3,'东港市',NULL),(4,'高新区',NULL),(5,'合作区',NULL),(6,'元宝区',NULL),(7,'振安区',NULL),(8,'振兴区',NULL);

/*Table structure for table `ethnic` */

DROP TABLE IF EXISTS `ethnic`;

CREATE TABLE `ethnic` (
  `eid` int(11) NOT NULL AUTO_INCREMENT COMMENT '民族编号',
  `ename` varchar(20) CHARACTER SET utf8 COLLATE utf8_general_ci DEFAULT NULL COMMENT '民族名称',
  `memo` varchar(100) CHARACTER SET utf8 COLLATE utf8_general_ci DEFAULT NULL COMMENT '备注',
  PRIMARY KEY (`eid`)
) ENGINE=InnoDB AUTO_INCREMENT=12 DEFAULT CHARSET=utf8;

/*Data for the table `ethnic` */

insert  into `ethnic`(`eid`,`ename`,`memo`) values (1,'蒙古族',NULL),(2,'满族',NULL),(3,'苗族',NULL),(4,'朝鲜族',NULL),(5,'回族',NULL),(6,'汉族',NULL),(7,'锡伯族',NULL),(8,'高山族',NULL),(9,'壮族',NULL),(10,'黎族',NULL);

/*Table structure for table `town` */

DROP TABLE IF EXISTS `town`;

CREATE TABLE `town` (
  `tid` int(11) NOT NULL COMMENT '镇编号',
  `tname` varchar(20) CHARACTER SET utf8 COLLATE utf8_general_ci NOT NULL COMMENT '镇名字',
  `people` int(11) DEFAULT NULL COMMENT '人口数量',
  `groupcount` int(11) DEFAULT NULL COMMENT '包含行政村数量',
  `totalarea` decimal(10,3) DEFAULT NULL COMMENT '占地面积（平方公里）',
  `landarea` decimal(10,3) DEFAULT NULL COMMENT '耕地面积（亩）',
  `waterarea` decimal(10,3) DEFAULT NULL COMMENT '水域面积（亩）',
  `cid` int(11) DEFAULT NULL COMMENT '所在地区号',
  PRIMARY KEY (`tid`),
  KEY `cid` (`cid`),
  CONSTRAINT `town_ibfk_1` FOREIGN KEY (`cid`) REFERENCES `county` (`cid`)
) ENGINE=InnoDB DEFAULT CHARSET=utf8;

/*Data for the table `town` */

insert  into `town`(`tid`,`tname`,`people`,`groupcount`,`totalarea`,`landarea`,`waterarea`,`cid`) values (1,'虎山镇',12869,9,'221.000','20591.880','412.000',1),(2,'双山子镇',14200,8,'281.200','29000.000','642.490',1),(3,'古楼子乡',8640,5,'130.600','1.430','1.150',1),(4,'大川头镇',10790,7,'236.000','1490.000','756.000',1),(5,'下露河镇',11186,6,'259.000','18154.000','5561.000',1),(6,'八河川镇',10960,5,'305.700','15239.000',NULL,1),(7,'永甸镇',23610,12,'298.900','39000.000','25200.000',1),(8,'青山沟',11750,4,'266.600','115.600','22000.000',1),(9,'青椅山镇',12807,9,'209.800','67000.000','0.000',1),(10,'长甸镇',29000,9,'409.100','46900.000','40000.000',1),(11,'太平哨镇',19869,11,'342.000','2660.000','1457.000',1),(12,'牛毛坞镇',15819,7,'324.000','32892.000','148.000',1),(13,'毛甸子镇',1500,10,'324.850','3641.000','0.000',1),(14,'杨木川镇',12872,8,'249.200','1824.760','307.100',1),(15,'镇江镇',11811,6,'308.000','17200.000','0.000',1),(16,'红石镇',20635,9,'480.000','40000.000','690.000',1),(17,'硼海镇',13566,8,'265.000','15500.000','9325.400',1),(18,'宽甸镇',14394,4,'1380.000','6172.000',NULL,1),(19,'石湖沟乡',24749,13,'194.900','385.600','800.000',1),(20,'大西岔镇',13806,9,'316.000','18000.000','2400.000',1),(21,'灌水镇',34000,9,'407.500','29000.000','27176.000',1),(22,'步达远镇',17100,11,'332.600','36700.000','11000.000',1),(23,'鸡冠山镇',24283,13,'437.900','70405.000','6500.000',2),(24,'边门镇',28000,16,'403.680','65600.000','0.000',2),(25,'石城镇',22889,10,'409.000','4200.000','8100.000',2),(26,'东汤镇',24700,9,'326.700','60000.000','150000.000',2),(27,'四门子镇',14735,9,'270.000','31026.000','5756.000',2),(28,'蓝旗镇',17000,9,'156.000','79000.000','21000.000',2),(29,'刘家河镇',24500,12,'354.800','3030.000',NULL,2),(30,'通远堡镇',11750,4,'266.600','115.600','22000.000',2),(31,'白旗镇',13290,7,'192.200','51612.000','25400.000',2),(32,'大兴镇',10403,6,'202.000','23536.000','12000.000',2),(33,'赛马镇',23939,11,'342.000','2660.000','1457.000',2),(34,'青城子镇',30529,7,'238.700','34000.000','0.000',2),(35,'爱阳镇',3660,15,'365.000','45000.000','90.000',2),(36,'弟兄山镇',15920,8,'205.000','52000.000','30000.000',2),(37,'红旗镇',20098,9,'263.000','62506.000','23296.600',2),(38,'沙里寨镇',13806,8,'189.550','38000.000','0.000',2),(39,'宝山镇',21381,10,'319.400','67000.000','0.000',2),(40,'大堡蒙古族乡',22391,12,'2660.000','80000.000','40000.000',2),(41,'草河街道',17723,6,'105.900','38000.000','31500.000',2),(42,'凤凰城街道',16170,8,'48.500','9644.000','0.000',2),(43,'凤山街道',NULL,NULL,NULL,NULL,NULL,2);

/*Table structure for table `villagebasicinfo` */

DROP TABLE IF EXISTS `villagebasicinfo`;

CREATE TABLE `villagebasicinfo` (
  `vid` int(11) NOT NULL COMMENT '村编号',
  `vname` varchar(20) CHARACTER SET utf8 COLLATE utf8_general_ci NOT NULL COMMENT '村名',
  `people` int(11) DEFAULT NULL COMMENT '人口数量',
  `groupcount` int(11) DEFAULT NULL COMMENT '村民组数量',
  `totalarea` decimal(10,3) DEFAULT NULL COMMENT '占地面积(平方公里)',
  `landarea` decimal(10,3) DEFAULT NULL COMMENT '耕地面积(亩)',
  `waterarea` decimal(10,3) DEFAULT NULL COMMENT '水域面积(亩)',
  `tid` int(11) DEFAULT NULL COMMENT '所属地区号',
  PRIMARY KEY (`vid`)
) ENGINE=InnoDB DEFAULT CHARSET=utf8;

/*Data for the table `villagebasicinfo` */

insert  into `villagebasicinfo`(`vid`,`vname`,`people`,`groupcount`,`totalarea`,`landarea`,`waterarea`,`tid`) values (1,'南岭外',426,2,'20.000','326.280','32.000',1),(2,'太平川村',967,8,'323.180','1689.600','0.000',1),(3,'长岗子村',953,7,'19.300','1637.000','0.000',1),(4,'红石村',1167,9,'18.100','2577.000','380.000',1),(5,'虎山村',3010,11,'23.000','4200.000','0.000',1),(6,'老边墙村',1153,7,'19.967','1423.000','0.000',1),(7,'安平和村',2120,13,'38.600','3165.000','0.000',1),(8,'新合村',1563,13,'22.000','2288.000','0.000',1),(9,'夹河村',1510,9,'28.000','3286.000','0.000',1),(10,'东风村',2570,19,'32.440','5778.000','92.000',2),(11,'双山子村',1638,7,'18.390','2420.000','74.800',2),(12,'平陀村',1260,8,'13.100','2890.000','75.500',2),(13,'北青沟村',1730,12,'32.300','2489.000','45.440',2),(14,'井峪村',1553,13,'45.000','3500.000','54.150',2),(15,'台头子村',2060,13,'26.000','3138.000','87.700',2),(16,'黎明村',1629,9,'28.700','2124.000','100.400',2),(17,'四平村',1480,10,'4.200','2300.000','112.500',2),(18,'古楼子村',3500,21,'28.400','6500.000','7000.000',3),(19,'大蒲石河村',1505,10,'9.800','3300.000','1000.000',3),(20,'大古岭村',945,8,'43.400','1000.000','1000.000',3),(21,'南荒沟村',1230,10,'8.000','1300.000','1000.000',3),(22,'砬子沟村',1460,11,'4100.000','2200.000','1500.000',3),(23,'长村',1973,18,'46630.000','4610.000','3000.000',4),(24,'头道河村',1514,11,'48.089','1946.000','690.000',4),(25,'大川头村',1821,9,'27.100','2840.000','380.000',4),(26,'龙头村',1182,11,'33.330','2600.000','2000.000',4),(27,'圈场子村',166,11,'82000.000','2800.000','0.000',4),(28,'新丰村',1359,8,'82000.000','2056.000','5000.000',4),(29,'川沟村',1380,10,'59.250','1748.000','1257.000',5),(30,'双广村',2307,19,NULL,'2914.000','1204.000',5),(31,'双联村',2780,15,'8658.000','4770.000','800.000',5),(32,'通江村',1430,10,NULL,'2637.000',NULL,5),(33,'马架子村',1680,12,'23315.000','2920.000','600.000',5),(34,'连江村',1609,13,'50581.000','3165.000','1700.000',5),(35,'蜂蜜沟村',2413,11,NULL,'4822.500',NULL,6),(36,'八河川村',2360,11,'100000.000','6000.000','1000.000',6),(37,'样册子村',2196,20,NULL,'10998.000','0.000',6),(38,'酒局子村',1542,12,'67805.000','2183.000','0.000',6),(39,'兴隆峪村',2450,15,'150000.000','7000.000','13000.000',6),(40,'牛皮闸村',2372,12,'37.000','3458.000','0.000',7),(41,'碑沟村',1830,15,'23.100','1200.000','800.000',7),(42,'湾沟村',2081,11,'29.000','2600.000','539.000',7),(43,'军民村',1240,6,'13.330','1500.000','1000.000',7),(44,'幸福村',1334,8,'17.600','2600.000','0.000',7),(45,'太平村',1010,9,'20.000','3500.000','300.000',7),(46,'窑场村',2484,15,'24.500','2805.000','1200.000',7),(47,'上趟子村',1258,8,'19.000','2080.000','0.000',7),(48,'坦甸村',1680,8,'12.000','2491.000','600.000',7),(49,'红旗村',1082,8,'20.000','4127.000','95.000',7),(50,'永甸村',3861,16,'12.000','1970.000','0.000',7),(51,'磙子沟村',1958,12,'28.000','3060.000','315.000',7),(52,'青山沟村',3337,14,'65.000','3312.000','1500.000',8),(53,'钟家堡',2150,19,'53.000','1975.000','1000.000',8),(54,'飞瀑涧村',3240,21,'70.000','4050.000','3500.000',8),(55,'青山湖村',3018,20,'78.600','8039.000','16000.000',8),(56,'青椅山村',1511,10,'28258.000','3961.000','10.000',9),(57,'房身沟村',1380,9,'20000.000','8000.000','80.000',9),(58,'梨树园子村',1511,13,'26000.000','4300.000','280.000',9),(59,'赫甸城村',1843,17,'59670.000','8273.000','0.000',9),(60,'三道沟村',1030,7,'0.000','2560.000','0.000',9),(61,'碱厂沟村',1508,14,'26500.000','6500.000','0.000',9),(62,'八棵树村',1570,17,'35.000','6200.000','50.000',9),(63,'太平村',1081,9,'0.000','3800.000','0.000',9),(64,'大水沟村',1508,10,'24800.000','4973.000','0.000',9),(65,'东阳河村',2460,18,'40.600','2300.000','2100.000',10),(66,'长甸城村',3055,11,'35000.000','4100.000','0.000',10),(67,'台沟村',2776,20,'46.000','4000.000','0.000',10),(68,'小孤山村',3432,20,'73.860','4960.000','1800.000',10),(69,'河口村',3115,11,'33.500','1331.000','1994.000',10),(70,'拉古哨村',2657,19,'54.300','1724.300','0.000',10),(71,'桦树甸村',3243,28,'72.000','4860.000','0.000',10),(72,'四平村',3210,12,'32.400','3665.000','7.000',10),(73,'苏甸村',NULL,20,'39.100','3000.000','0.000',10),(74,'钓鱼台村',913,9,'28625.000','1700.000','969.000',11),(75,'太平哨村',2703,13,'43000.000','5055.000','1500.000',11),(76,'石榴沟村',1240,11,'24.600','2580.000','150.000',11),(77,'茧场沟村',2500,18,'46.000','7700.000','400.000',11),(78,'保安村',2275,12,'66.600','5123.000','11.300',11),(79,'南吊幌村',1179,11,NULL,'3800.000',NULL,11),(80,'二龙渡村',2410,13,'330000.000','4600.000','220.000',11),(81,'轿顶子村',1764,13,'39.600','531.000','2149.000',11),(82,'刊川沟村',1486,10,'11000.000','4100.000','800.000',11),(83,'高坎子村',1650,12,'42.100','2708.000','3.500',12),(84,'张家卜村',1580,8,'37.180','2700.000',NULL,12),(85,'小城子村',2972,16,'60.100','5300.000','48.000',12),(86,'牛毛坞村',4287,19,'44.200','4427.000','8.000',12),(87,'铁路子村',2129,12,'27.600','4942.000','18.000',12),(88,'泉山村',2108,4,'44.900','4127.000','29.000',12),(89,'五道岭村',1380,6,'29.770','3100.000','150.000',12),(90,'二道沟村',1535,9,'22350.000','4220.000','128.000',13),(91,'肖家堡村',1249,8,'960.000','4730.000','2100.000',13),(92,'丰裕村',1336,10,'4.300','2778.000','0.000',13),(93,'兴荣村',1936,21,'34.680','9870.000','281.500',13),(94,'二道岗子村',1303,9,'76031.500','5820.000','0.000',13),(95,'毛甸子村',1279,3,'7979.000','1093.000','0.000',13),(96,'毛山子村',2500,14,'50330.000','4270.000','300.000',13),(97,'杨木沟村',961,8,'310000.000','1840.000','2100.000',13),(98,'宝石村',1600,16,'62.270','5280.000','0.000',13),(99,'洼子沟村',1506,12,'60.000','5255.000','1400.000',13),(100,'白鹭村',1873,13,'19.400','5010.000','0.000',14),(101,'大榆树村',1684,13,'50.000','5000.000','0.000',14),(102,'边沟村',1784,13,'15.000','520.000','0.000',14),(103,'金安村',2520,18,'47.000','500.000','0.000',14),(104,'土城子村',1062,10,'20.000','4500.000','0.000',14),(105,'杨木川村',2260,9,'3546.700','2700.000','0.000',14),(106,'金坑村',1060,8,'23.000','287.000','0.000',14),(107,'大安平河村',1330,9,'22.400','262.000','0.000',14),(108,'浑江村',835,5,'200.000','745.000','0.000',15),(109,'西江村',2038,18,'79.500','2000.000','0.000',15),(110,'绿江村',1964,14,NULL,'1858.000','12000.000',15),(111,'石粒子村',3493,24,'79.000','2950.000','5.000',15),(112,'大青村',1215,9,'45268.000','1213.000','2200.000',15),(113,'万宝村',1446,9,'25.620','890.000','2000.000',15),(114,'小长甸村',1878,10,'47.000','4131.750','48.300',16),(115,'小久村',2569,20,'59.000','5560.600','480.700',16),(116,'杉松村',1575,10,'56.000','4328.750','0.000',16),(117,'大久村',3219,31,'65.000','6140.650','11.300',16),(118,'长江村',1096,21,'62.000','7392.800','20.000',16),(119,'红石砬子村',3457,10,'67.000','4733.760','14.200',16),(120,'上蒿村',1703,10,'54.000','3329.220','20.000',16),(121,'官道沟村',1228,7,'33.000','2386.180','18.000',16),(122,'腰岭村',1153,7,'35.000','2043.630','40.000',16),(123,'下甸子村',2048,14,'56083.000','2380.000','1600.000',17),(124,'XXX',619,6,'150.000','860.000','345.000',17),(125,'大汤石村',1587,7,'3280.000','1995.000','850.000',17),(126,'夹皮沟村',1854,9,'21000.000','1299.000','660.000',17),(127,'上甸子村',2378,16,'37.100','3300.000','22.000',17),(128,'小汤石村',1800,12,'37.000','2295.000','850.000',17),(129,'白石村',1490,10,'50260.000','4100.000','3000.000',17),(130,'挂钟岭村',1739,10,'30.350','2282.100','3800.000',17),(131,'东门外村',2184,5,'0.600','350.000','0.000',18),(132,'城厢村',4754,9,'800.000','700.000','0.000',18),(133,'YYY',3338,5,'2.000','1210.000','0.000',18),(134,'欢喜岭村',4118,5,'2.200','1800.000','0.000',18),(135,'下长阴子村',2023,10,'11.500','227.000','0.000',19),(136,'老道排村',1700,11,'49000.000','3010.000','500.000',19),(137,'亮子沟村',1720,9,'680.000','3800.000','300.000',19),(138,'ZZZ',1776,9,'9.800','3656.000','0.000',19),(139,'曲吕川村',2999,10,NULL,'5300.000','0.000',19),(140,'刘家村',1665,7,'5000.000','3500.000','0.000',19),(141,'石湖沟村',2542,8,'8.800','2900.000','0.000',19),(142,'上长阴沟子村',1200,4,'13200.000','1200.000','0.000',19),(143,'楼房村',1150,5,'6.240','2200.000','0.000',19),(144,'杨木村',3450,11,NULL,'4100.000','0.000',19),(145,'双岭子村',2449,14,'20.000','6018.000','0.000',19),(146,'良种场村',1500,2,'8900.000','320.000','0.000',19),(147,'大西岔村',2084,15,'40.000','2000.000','0.000',20),(148,'临江村',960,9,'36.000','882.000','6000.000',20),(149,'北江村',1247,12,'45.000','2180.000','8500.000',20),(150,'双安村',1199,12,'35.000','800.000','0.000',20),(151,'小荒沟村',1363,12,'47843.000','1644.860','0.800',20),(152,'杨林村',2086,12,'38027.000','1346.000','0.000',20),(153,'明安村',1018,9,'34900.000','2330.000','0.000',20),(154,'和平村',1460,13,'29.000','1155.000','500.000',20),(155,'沿口村',2106,20,'32.000','2700.000','2000.000',20),(156,'土门岭村',1260,7,'20.000','3800.000','6.000',21),(157,'天华村',4801,23,'79.000','8000.000','2068.000',21),(158,'团结村',3150,18,'85.330','6325.000','0.000',21),(159,'龙爪沟村',2710,15,'48.830','4600.000','300.000',21),(160,'人石村',2365,16,'16.600','5920.000','0.000',21),(161,'灌水轱轮泡村',4376,14,'7.500','4017.000','0.000',21),(162,'三台子村',2475,14,'42.000','5087.000','10.000',21),(163,'二道河子村',1359,10,'15.100','1885.000','480000.000',21),(164,'东岔村',4,25,'0.000','9100.000','800.000',21),(165,'长岭村',1168,7,'12.600','2400.000','0.000',22),(166,'新海村',1476,8,'41485.800','2407.900','825.800',22),(167,'新生村',1780,10,'18.000','3550.000','70.000',22),(168,'新兴村',1364,9,'17.000','3350.000','60.000',22),(169,'回林村',1200,5,'28000.000','750.000','2600.000',22),(170,'夏光村',1146,7,'2.670','1455.000','133.400',22),(171,'干问子村',830,8,'21.470','634.000','773.000',22),(172,'高领第地村',1364,8,'0.000','3016.000','4226.000',22),(173,'大牛沟村',2143,15,'3.000','2993.000','0.000',22),(174,'步达远村',3870,20,'4180.000','4340.000','28.000',22),(175,'胜利村',1080,6,'49000.000','1340.000','0.000',22),(176,'aaa',1280,11,'44320.000','5500.000','280.000',4),(177,'大阳沟村',1178,7,'28.000','1448.000','0.000',23),(178,'四台子村',2559,19,'37.700','7000.000','500.000',23),(179,'暖河村',1408,11,'21.500','3800.000','0.000',23),(180,'大地村',2300,10,'29.860','3875.000','0.000',23),(181,'新开村',1117,8,'27000.000','3300.000','70.000',23),(182,'鸡冠山村',2117,9,'24.200','4130.000','0.000',23),(183,'茨林子村',1500,9,'42.000','400.000','0.000',23),(184,'沙子岗村',1970,15,'80.000','64.000','14.000',23),(185,'白菜地村',1670,11,'26.600','7980.000','500.000',23),(186,'陡岗子村',1600,9,'28.400','5000.000','0.000',23),(187,'薛礼村',2350,17,'36.000','7000.000','0.000',23),(188,'宝石山村',1010,6,'21.800','3000.000','0.000',23),(189,'袁家沟村',1140,7,'24.000','1263.000','0.000',23),(190,'敖家村',1409,8,'32.190','3700.000','1500.000',0),(191,'边门村',2352,6,'10943.900','3090.000','175.000',24),(192,'卜家村',980,5,'14400.000','3000.000','200.000',24),(193,'大东村',1429,8,'34.665','3500.000','240.000',24),(194,'东山村',1640,12,'0.000','5455.560','50.000',24),(195,'赫家村',2657,19,'54.300','1724.300','0.000',24),(196,'建设村',2150,13,'30.000','3800.000','1798.000',24),(197,'金家村',1260,7,'27.255','2730.000','440.000',24),(198,'口子里村',NULL,NULL,NULL,NULL,NULL,24),(199,'明亮村',2242,9,'15.000','3300.000','30.000',24),(200,'那家村',1641,11,'55793.000','4500.000','1750.000',24),(201,'人和村',1428,6,'2.800','3.340','0.000',24),(202,'汤河村',1974,6,NULL,'4229.000','0.000',24),(203,'谢家村',2215,15,'52.190','7300.000','1500.000',24),(204,'新华村',1503,11,'25.000','4404.000','1800.000',24),(205,'兴建村',1856,15,'50.300','4733.000','0.000',24),(206,'荣家村',2126,14,'32.000','4300.000','1050.000',25),(207,'石家村',2606,12,'34.000','5400.000','1200.000',25),(208,'石城村',4743,18,'71.000','7500.000','1500.000',25),(209,'西隈村',1800,10,'37.000','4200.000','1200.000',25),(210,'太阳村',1340,8,'35.000','3200.000','600.000',25),(211,'孟家村',3140,10,'40.000','6300.000','1500.000',25),(212,'依家村',1617,5,'35.000','3600.000','150.000',25),(213,'铁佛村',2555,12,'36.000','5800.000','600.000',25),(214,'车头村',1130,8,'38.000','2900.000','150.000',25),(215,'康家村',1832,13,'51.000','4000.000','150.000',25),(216,'咸家村',2280,17,'46.700','4902.000','0.000',26),(217,'新兴村',2290,15,'4.300','6000.000','0.000',26),(218,'东汤村',3836,14,'326.744','7525.500','0.000',26),(219,'石桥村',2512,14,'42.000','7200.000','67.500',26),(220,'辖土城',4480,27,'46.300','8280.000','1100.000',26),(221,'宏伟村',2680,16,'32.000','7007.680','300.000',26),(222,'陶李村',694,5,'36.400','1071.000','3000.000',26),(223,'民生村',282,15,'41.800','7386.000','4100.000',26),(224,'房木村',3127,19,'38.700','9800.000','0.000',26),(225,'湾垅地村',1720,12,'42.000','4300.000','41.000',27),(226,'大荒村',1570,7,'34.750','3622.500','600.000',27),(227,'陈小岭村',1632,12,'37.048','3990.000','805.000',27),(228,'四门子村',2866,11,'32.109','4281.000','1800.000',27),(229,'方家村',1733,10,'19.670','3394.000','780.000',27),(230,'扈家村',1567,9,'38.900','3660.000','220.000',27),(231,'小荒村',887,5,'22.374','1996.000','213.000',27),(232,'人民村',1526,8,'20.800','3655.000','600.000',27),(233,'新农村',1684,9,'49.670','3.335','700.000',27),(234,'互助村',1627,10,'21.600','5136.000','550.000',28),(235,'广胜村',1732,7,'6.810','6043.200','0.000',28),(236,'甲云村',1335,8,'9.500','5277.000','200.000',28),(237,'蓝旗村',3678,18,'63.480','21260.000','600.000',28),(238,'太虎岭村',1367,9,'28.670','4200.000','1300.000',28),(239,'立新村',1768,9,'26.000','5130.000','1500.000',28),(240,'正白旗村',1329,6,'3.600','4867.000','400.000',28),(241,'镶白旗村',2432,13,'12.000','11000.000','180.000',28),(242,'新发村',1886,12,'30.000','8880.000','1000.000',28),(243,'火茸沟村',2347,9,'35.600','3127.000','300.000',29),(244,'蛟羊峪村',1308,11,'25.000','4900.000','400.000',29),(245,'刘家河村',5436,18,'19.100','5896.000','354.000',29),(246,'徐家台村',1613,9,'30.000','3600.000','300.000',29),(247,'卫国村',906,7,'0.670','325.000','1000.000',29),(248,'松树村',1385,13,'21.900','6400.000','500.000',29),(249,'文化村',NULL,NULL,NULL,NULL,NULL,29),(250,'黑门子村',NULL,NULL,NULL,NULL,NULL,29),(251,'秋木庄村',NULL,NULL,NULL,NULL,NULL,29),(252,'尖山子村',NULL,NULL,NULL,NULL,NULL,29),(253,'曾家村',3337,14,'65.000','3312.000','1500.000',30),(254,'老堡村',2036,5,'120.260','2.025','128.000',30),(255,'二道坊村',2872,7,'22.000','3300.000','500.000',30),(256,'大甸子村',1556,8,'22.500','3383.000',NULL,30),(257,'北张家村',1560,5,'19.070','2280.000','85.000',30),(258,'小黑山村',3672,9,'29.000','3400.000','170.000',30),(259,'大黑山村',1519,5,'22.690','3519.000','165.000',30),(260,'通远堡村',1679,4,'7.000','710.000','0.000',30),(261,'林家台村',1527,7,'19.900','4000.000','36.000',30),(262,'刁窝村',1960,14,NULL,'8060.000','900.000',31),(263,'黄旗村',2025,13,'25.000','5500.000','100.000',31),(264,'后营子村',1860,11,'16.000','4800.000','643.000',31),(265,'吴家村',1612,13,'19.800','5600.000','0.000',31),(266,'民主村',2741,22,'42.000','9000.000','1700.000',31),(267,'王家村',1447,9,'19.000','4570.000','500.000',31),(268,'莫家村',1760,14,'4.500','5700.000','2500.000',31),(269,'青沟村',2150,6,'4.730','5875.000','100.000',32),(270,'佟家村',1982,7,'38.980','4111.000','508.000',32),(271,'联合村',1821,10,'29.000','5367.000','1021.000',32),(272,'大兴村',1632,7,'21.000','4503.000','1450.000',32),(273,'仁山村',922,5,'22.100','3750.000','1300.000',32),(274,'安乐村',1677,10,'49.200','5375.000','75.000',32),(275,'东甸村',2268,9,'60.100','2103.000','200.000',33),(276,'干沟村',2767,12,'6.700','5.360','260.000',33),(277,'不明1',1480,5,'22.800','4014.000','347.000',33),(278,'北岔路村',2180,11,'38.670','3100.000','0.000',33),(279,'红石村',1803,5,'29.340','3226.000','1100.000',33),(280,'双岭村',2278,13,'35.600','8666.100','480.000',33),(281,'由家村',1286,6,'28.000','2464.600','0.500',33),(282,'不明2',2061,12,'53.900','3126.000','0.000',33),(283,'山庙村',3186,19,'55.600','4289.000','0.000',33),(284,'幸福村',1493,7,'19.730','1575.000','303.000',33),(285,'赫家窑村',3137,13,'32.400','4890.000','640.000',33),(286,'白云山村',3491,19,'5.270','4300.000','0.000',34),(287,'永胜村',NULL,NULL,NULL,NULL,NULL,34),(288,'林家村',1965,7,NULL,'5000.000','0.000',34),(289,'园艺村',2670,12,'600.000','2800.000','0.000',34),(290,'青城子村',2473,7,'23.000','4500.000','120.000',34),(291,'杨树村',NULL,NULL,NULL,'0.000',NULL,34),(292,'潘家村',NULL,NULL,NULL,NULL,NULL,35),(293,'獾子背村',NULL,NULL,NULL,NULL,NULL,35),(294,'徐家村',NULL,NULL,NULL,NULL,NULL,35),(295,'富家村',NULL,NULL,NULL,NULL,NULL,35),(296,'新开岭村',NULL,NULL,NULL,NULL,NULL,35),(297,'龙道村',NULL,NULL,NULL,NULL,NULL,35),(298,'顾家村',NULL,NULL,NULL,NULL,NULL,35),(299,'东新村',NULL,NULL,NULL,NULL,NULL,35),(300,'施家村',NULL,NULL,NULL,NULL,NULL,35),(301,'富国村',NULL,NULL,NULL,NULL,NULL,35),(302,'邵家村',NULL,NULL,NULL,NULL,NULL,35),(303,'三合村',NULL,NULL,NULL,NULL,NULL,35),(304,'丛家村',NULL,NULL,NULL,NULL,NULL,35),(305,'爱阳城村',NULL,NULL,NULL,NULL,NULL,35),(306,'太河村',NULL,NULL,NULL,NULL,NULL,35),(307,'向前村',2988,15,'80.000','10426.000','120000.000',36),(308,'和平村',1355,7,'19.000','5500.000','40.000',36),(309,'马坊村',2017,12,'24.000','7000.000','500.000',36),(310,'东兴村',1259,7,'19.500','2990.000','20.000',36),(311,'教家村',1526,11,'23.300','5500.000','150.000',36),(312,'草河岭村',1620,13,'45.000','5150.000','40.000',36),(313,'西车村',1803,12,'25.000','4500.000','50.000',36),(314,'陈家村',2527,11,'23.150','7000.000','3000.000',36),(315,'团结村',1245,9,'27.500','3600.000','10000.000',37),(316,'烧锅村',1370,8,'19.700','5328.000','200.000',37),(317,'永兴村',4260,18,'42.000','7890.000','0.000',37),(318,'德奎村',1678,15,'27.000','6700.000','0.000',37),(319,'新力村',1486,9,'19.000','6300.000','1800.000',37),(320,'三义庙村',1749,10,'27.900','5400.000','0.000',37),(321,'包营子村',1612,9,'27.310','5303.000','1653.000',37),(322,'黄旗堡村',3067,14,'43.000','8345.000','0.000',37),(323,'四家子村',2780,18,'43.800','7800.000','200.000',37),(324,'洋河村',2068,10,'49.000','8784.000','0.000',38),(325,'盖家村',1884,9,'0.000','4369.550','0.000',38),(326,'蔡家村',2320,12,'0.000','5280.000','0.000',38),(327,'亮子河村',2249,11,'28.000','5439.000','0.000',38),(328,'朝阳村',1822,11,'22.670','4500.000','100.000',38),(329,'李家村',1890,6,'13.900','6500.000','1900.000',38),(330,'广甸村',1276,8,NULL,'3454.320','0.000',38),(331,'诗雅店村',1100,7,'14.000','3359.000','1300.000',38),(332,'白家村',1998,8,'23.400','5930.000','0.000',39),(333,'岔路村',2332,12,'32.000','6200.000','10.000',39),(334,'历家村',2620,11,'50.000','7800.000','500.000',39),(335,'小四台村',1380,8,'13.850','3400.000','0.000',39),(336,'仲林村',1500,9,'3.300','4300.000','0.000',39),(337,'红旗村',2700,12,'22.500','5580.000','0.000',39),(338,'汤池村',2996,19,'70.790','7452.000','0.000',39),(339,'戴家村',1750,10,'28.000','4541.000','0.000',39),(340,'赵家村',1530,8,'13.000','5000.000','0.000',39),(341,'大营村',2575,13,'36.200','9960.000','0.000',39),(342,'三官村',4100,18,'360.000','15000.000','0.000',40),(343,'黎明村',2364,10,'230.000','25800.000','0.000',40),(344,'闫家村',3020,18,'41.275','9165.000','4339.000',40),(345,'保林村',2746,17,'37.400','9045.000','0.000',40),(346,'爱路村',2140,13,'20.000','7380.000','100.000',40),(347,'武装村',3219,17,'67.000','11089.000','328000.000',40),(348,'大堡村',3850,9,'12.000','7800.000','380.000',40),(349,'保家村',1630,10,'34.700','3314.970','1050.000',40),(350,'欢喜岭村',NULL,NULL,NULL,NULL,NULL,40),(351,'东沟村',3187,14,'15.800','6667.000','300.000',41),(352,'平安村',3001,12,'16.600','6.397','870.000',41),(353,'管家村',1711,12,'20.400','5.320','0.000',41),(354,'黄岭村',2167,13,'9.600','6200.000','100.000',41),(355,'保卫村',3600,10,'11.700','3600.000','0.000',41),(356,'爱河村',3650,14,'22.600','8933.000','1300.000',41),(357,'西街村',2209,6,'1.500','492.000','0.000',42),(358,'北山村',2763,4,'5.000','789.000','0.000',42),(359,'东街村',1524,6,'0.880','391.290','0.000',42),(360,'新民村',2630,6,'9.800','2448.000','0.000',42),(361,'城东村',3555,6,'3.000','805.870','0.000',42),(362,'中兴村',1234,9,'16.300','2669.120','0.000',42),(363,'二台子村',2255,9,'12.000','2049.000','2130.000',42),(364,'良种村',2696,3,'4.400','1000.000','0.000',43),(365,'站前朝鲜族村',1380,5,'0.000','565.000','0.000',43),(366,'头台村',3623,5,'5.500','1000.000','0.000',43),(367,'龙山村',2655,7,'9.080','2268.000','632.000',43),(368,'凤凰山村',5103,9,'25.600','2976.000','0.000',43),(369,'大隈村',2458,9,'12.000','6100.000','360.000',43),(370,'张家村',2840,12,'17.330','5000.000','20.000',43),(371,'老爷庙村',1865,10,'25.600','5400.000','0.000',43),(372,'大梨树村',5131,22,'48.000','7343.900','150.000',43);

/*Table structure for table `villageethnic` */

DROP TABLE IF EXISTS `villageethnic`;

CREATE TABLE `villageethnic` (
  `vid` int(11) NOT NULL COMMENT '村序号',
  `percent` decimal(27,2) DEFAULT NULL COMMENT '少数民族百分比',
  PRIMARY KEY (`vid`)
) ENGINE=InnoDB DEFAULT CHARSET=utf8;

/*Data for the table `villageethnic` */

insert  into `villageethnic`(`vid`,`percent`) values (0,'0.00'),(1,'0.90'),(2,'0.45'),(3,'0.98'),(4,'0.70'),(5,'0.90'),(6,'0.40'),(7,'0.65'),(8,'0.70'),(9,'0.60'),(10,'0.70'),(11,'0.60'),(12,'0.72'),(13,'0.90'),(14,'0.83'),(15,'0.80'),(16,'0.50'),(17,'0.80'),(18,'0.90'),(19,'0.40'),(20,'0.80'),(21,'0.90'),(22,'0.40'),(23,'0.50'),(24,'0.95'),(25,'0.20'),(26,'0.90'),(27,'0.50'),(28,'0.45'),(29,'0.30'),(30,'0.00'),(31,'0.66'),(32,'0.63'),(33,'0.00'),(34,'0.64'),(35,'0.70'),(36,'0.80'),(37,'0.80'),(38,'0.80'),(39,'0.80'),(40,'0.70'),(41,'0.35'),(42,'0.72'),(43,'0.45'),(44,'0.50'),(45,'0.80'),(46,'0.60'),(47,'0.00'),(48,'0.60'),(49,'0.40'),(50,'0.90'),(51,'0.58'),(52,'0.83'),(53,'0.79'),(54,'0.81'),(55,'0.81'),(56,'0.40'),(57,'0.00'),(58,'0.40'),(59,'0.30'),(60,'0.45'),(61,'0.45'),(62,'0.40'),(63,'0.40'),(64,'0.35'),(65,'0.90'),(66,'0.00'),(67,'0.60'),(68,'0.70'),(69,'0.00'),(70,'0.80'),(71,'0.26'),(72,'0.45'),(73,'0.85'),(74,'0.40'),(75,'0.85'),(76,'0.00'),(77,'0.85'),(78,'0.60'),(79,'0.45'),(80,'0.40'),(81,'0.70'),(82,'0.60'),(83,'0.00'),(84,'0.00'),(85,'0.90'),(86,'0.00'),(87,'0.00'),(88,'0.00'),(89,'0.00'),(90,'1.00'),(91,'0.00'),(92,'0.96'),(93,'0.99'),(94,'0.00'),(95,'0.75'),(96,'0.70'),(97,'0.00'),(98,'0.00'),(99,'0.00'),(100,'0.76'),(101,'0.75'),(102,'0.60'),(103,'0.76'),(104,'0.00'),(105,'0.00'),(106,'0.00'),(107,'0.69'),(108,'0.69'),(109,'0.50'),(110,'0.00'),(111,'0.50'),(112,'0.70'),(113,'0.00'),(114,'0.98'),(115,'0.84'),(116,'0.85'),(117,'0.80'),(118,'0.95'),(119,'0.94'),(120,'0.95'),(121,'0.95'),(122,'0.92'),(123,'0.80'),(124,'0.00'),(125,'0.80'),(126,'0.81'),(127,'0.70'),(128,'0.80'),(129,'0.70'),(130,'0.00'),(131,'0.10'),(132,'0.40'),(133,'0.45'),(134,'0.60'),(135,'0.45'),(136,'0.45'),(137,'0.80'),(138,'0.42'),(139,'0.80'),(140,'0.00'),(141,'0.70'),(142,'0.60'),(143,'0.85'),(144,'1.00'),(145,'1.01'),(146,'0.90'),(147,'0.85'),(148,'0.85'),(149,'0.80'),(150,'0.81'),(151,'0.90'),(152,'0.80'),(153,'0.87'),(154,'0.80'),(155,'0.70'),(156,'0.80'),(157,'0.85'),(158,'0.70'),(159,'0.90'),(160,'0.90'),(161,'0.02'),(162,'0.99'),(163,'0.50'),(164,'0.00'),(165,'0.80'),(166,'0.65'),(167,'0.97'),(168,'0.90'),(169,'0.00'),(170,'1.23'),(171,'0.45'),(172,'0.40'),(173,'0.20'),(174,'0.70'),(175,'0.80');

/*Table structure for table `villageethnic1` */

DROP TABLE IF EXISTS `villageethnic1`;

CREATE TABLE `villageethnic1` (
  `id` int(11) NOT NULL DEFAULT '0' COMMENT '编号',
  `vid` int(11) DEFAULT NULL COMMENT '村编号',
  `eid` int(11) DEFAULT NULL COMMENT '少数民族号',
  PRIMARY KEY (`id`)
) ENGINE=InnoDB DEFAULT CHARSET=utf8;

/*Data for the table `villageethnic1` */

insert  into `villageethnic1`(`id`,`vid`,`eid`) values (1,1,2),(2,2,2),(3,2,5),(4,3,2),(5,4,2),(6,4,5),(7,5,2),(8,5,6),(9,5,4),(10,5,1),(11,6,2),(12,7,2),(13,7,5),(14,8,2),(15,8,5),(16,9,2),(17,10,2),(18,11,2),(19,12,2),(20,13,2),(21,14,2),(22,14,1),(23,15,2),(24,16,2),(25,17,2),(26,18,2),(27,18,4),(28,19,2),(29,19,9),(30,20,2),(31,21,2),(32,21,1),(33,22,2),(34,22,4),(35,23,6),(36,23,1),(37,23,4),(38,23,2),(39,24,2),(40,25,2),(41,25,4),(42,25,8),(43,26,2),(44,27,2),(45,27,6),(46,27,4),(47,28,2),(48,29,4),(49,29,2),(50,29,1),(51,30,NULL),(52,31,2),(53,31,4),(54,32,4),(55,32,2),(56,33,4),(57,34,2),(58,34,1),(59,34,4),(60,35,2),(61,36,2),(62,37,2),(63,37,1),(64,37,6),(65,38,2),(66,39,2),(67,39,6),(68,39,4),(69,39,1),(70,40,2),(71,41,4),(72,41,2),(73,42,2),(74,0,4),(75,43,2),(76,44,2),(77,45,2),(78,46,2),(79,47,2),(80,47,1),(81,48,2),(82,49,4),(83,50,2),(84,50,4),(85,50,5),(86,51,2),(87,51,5),(88,51,4),(89,52,2),(90,52,7),(91,53,2),(92,53,1),(93,53,4),(94,54,2),(95,55,2),(96,56,2),(97,56,1),(98,56,5),(99,56,4),(100,57,NULL),(101,58,2),(102,58,1),(103,59,2),(104,60,2),(105,61,1),(106,61,2),(107,62,2),(108,62,1),(109,63,2),(110,64,2),(111,64,1),(112,65,2),(113,66,NULL),(114,67,2),(115,68,2),(116,69,NULL),(117,70,2),(118,71,2),(119,72,2),(120,73,2),(121,74,2),(122,75,2),(123,76,2),(124,77,2),(125,77,1),(126,78,2),(127,79,4),(128,79,2),(129,80,4),(130,81,2),(131,82,2),(132,83,2),(133,83,4),(134,84,2),(135,85,2),(136,86,2),(137,87,2),(138,87,6),(139,87,5),(140,88,2),(141,88,10),(142,89,NULL),(143,90,2),(144,90,6),(145,90,1),(146,90,7),(147,91,NULL),(148,92,2),(149,92,4),(150,93,2),(151,94,NULL),(152,95,2),(153,96,2),(154,96,4),(155,97,0),(156,98,2),(157,98,1),(158,98,4),(159,99,1),(160,99,4),(161,100,2),(162,101,2),(163,102,2),(164,103,2),(165,104,NULL),(166,105,NULL),(167,106,NULL),(168,107,2),(169,108,2),(170,108,4),(171,109,4),(172,109,2),(173,109,1),(174,110,NULL),(175,111,2),(176,112,2),(177,112,4),(178,113,2),(179,113,4),(180,114,2),(181,115,2),(182,116,2),(183,117,2),(184,117,4),(185,118,2),(186,119,2),(187,120,2),(188,121,2),(189,122,2),(190,123,2),(191,123,4),(192,123,1),(193,124,2),(194,124,1),(195,125,2),(196,125,4),(197,126,2),(198,126,4),(199,127,2),(200,127,1),(201,127,4),(202,128,2),(203,128,1),(204,129,2),(205,130,2),(206,131,2),(207,132,4),(208,132,2),(209,133,2),(210,134,2),(211,135,2),(212,136,2),(213,137,2),(214,138,2),(215,139,2),(216,140,NULL),(217,141,2),(218,142,2),(219,143,2),(220,143,4),(221,144,6),(222,144,2),(223,145,2),(224,145,4),(225,145,1),(226,146,2),(227,147,2),(228,147,1),(229,147,4),(230,147,3),(231,148,2),(232,148,5),(233,148,4),(234,149,2),(235,149,5),(236,150,2),(237,150,7),(238,151,2),(239,152,2),(240,152,4),(241,153,2),(242,154,2),(243,154,4),(244,155,2),(245,156,2),(246,157,2),(247,158,2),(248,159,2),(249,160,2),(250,160,1),(251,161,4),(252,162,6),(253,162,2),(254,163,2),(255,164,NULL),(256,165,2),(257,166,2),(258,166,1),(259,166,4),(260,167,2),(261,168,2),(262,169,NULL),(263,170,6),(264,170,4),(265,170,1),(266,170,2),(267,171,2),(268,172,2),(269,173,2),(270,174,2),(271,175,2);

/*!40101 SET SQL_MODE=@OLD_SQL_MODE */;
/*!40014 SET FOREIGN_KEY_CHECKS=@OLD_FOREIGN_KEY_CHECKS */;
/*!40014 SET UNIQUE_CHECKS=@OLD_UNIQUE_CHECKS */;
/*!40111 SET SQL_NOTES=@OLD_SQL_NOTES */;
